{"0": {"precision": 0.8385269121813032, "recall": 0.8283582089552238, "f1-score": 0.8334115438761144, "support": 1072}, "1": {"precision": 0.8141414141414142, "recall": 0.8249744114636642, "f1-score": 0.8195221148957804, "support": 977}, "accuracy": 0.8267447535383113, "macro avg": {"precision": 0.8263341631613587, "recall": 0.826666310209444, "f1-score": 0.8264668293859474, "support": 2049}, "weighted avg": {"precision": 0.8268994687528153, "recall": 0.8267447535383113, "f1-score": 0.8267888146844178, "support": 2049}}