{"0": {"precision": 0.7073353293413174, "recall": 0.8815298507462687, "f1-score": 0.7848837209302326, "support": 1072}, "1": {"precision": 0.8218793828892006, "recall": 0.5997952917093142, "f1-score": 0.6934911242603551, "support": 977}, "accuracy": 0.7471937530502685, "macro avg": {"precision": 0.764607356115259, "recall": 0.7406625712277914, "f1-score": 0.7391874225952939, "support": 2049}, "weighted avg": {"precision": 0.7619519912819137, "recall": 0.7471937530502685, "f1-score": 0.7413060894287831, "support": 2049}}