{"0": {"precision": 0.7139622641509434, "recall": 0.8824626865671642, "f1-score": 0.789319983312474, "support": 1072}, "1": {"precision": 0.8259668508287292, "recall": 0.6120777891504606, "f1-score": 0.7031158142269254, "support": 977}, "accuracy": 0.7535383113714007, "macro avg": {"precision": 0.7699645574898364, "recall": 0.7472702378588124, "f1-score": 0.7462178987696997, "support": 2049}, "weighted avg": {"precision": 0.767368062679102, "recall": 0.7535383113714007, "f1-score": 0.7482162872672905, "support": 2049}}